<?xml version="1.0" encoding="UTF-8"?>
<project-private xmlns="http://www.netbeans.org/ns/project-private/1">
    <editor-bookmarks xmlns="http://www.netbeans.org/ns/editor-bookmarks/2" lastBookmarkId="0"/>
    <open-files xmlns="http://www.netbeans.org/ns/projectui-open-files/2">
        <group>
            <file>file:/C:/Users/חיים/Documents/NetBeansProjects/java5774_5999_2188_model/java5774_5999_2188_Controller/src/Interface/Backend.java</file>
            <file>file:/C:/Users/חיים/Documents/NetBeansProjects/java5774_5999_2188_model/java5774_5999_2188_Controller/src/DataAccessObject/Backend_DAO_List_impl.java</file>
        </group>
    </open-files>
</project-private>
